logFC,AveExpr,t,P.Value,adj.P.Val,B,probeID,CpG_chrm,gene,gene_HGNC
-33.21585210457056,3.803821409742508,-7.057464243224111,6.080260479478936e-9,0.005264648258501152,-4.550016132659958,43438,NA,NA,NA
26.265805980768086,-5.175425001491841,6.621849830307328,2.8266477053195432e-8,0.008647100622599078,-4.552953286817574,511534,NA,NA,NA
-26.4939516103957,3.7345587804474443,-6.605361070796096,2.996019198021529e-8,0.008647100622599078,-4.5530680379717055,366818,NA,NA,NA
