logFC,AveExpr,t,P.Value,adj.P.Val,B,probeID,CpG_chrm,gene,gene_HGNC
-37.56616216682112,3.803821409742508,-7.5986788627838235,9.081162163184408e-10,7.863005989452688e-4,-4.568620567410399,43438,NA,NA,NA
-27.690073803640924,3.7345587804474443,-6.572217242096206,3.367781680017823e-8,0.010157238920676381,-4.572268492116041,366818,NA,NA,NA
27.33133242282891,-5.175425001491841,6.559751287737692,3.519246986175479e-8,0.010157238920676381,-4.572316185740932,511534,NA,NA,NA
