logFC,AveExpr,t,P.Value,adj.P.Val,B,probeID,CpG_chrm,gene,gene_HGNC
33.21585210457041,3.803821409742508,6.749530680369667,1.496099841416414e-8,0.006699651407425144,-4.549659359656073,cg01229519,chr9,ABCA2,ABCA2
26.493951610395627,3.7345587804474443,6.740143007593374,1.5475155671824497e-8,0.006699651407425144,-4.54972840144531,cg10924085,chr10,INPP5A,INPP5A
-26.265805980767816,-5.175425001491841,-6.612450754301941,2.4502531348340444e-8,0.00707191243024757,-4.5506761443825825,cg15400731,chr3,NUDT16;RP11-933H2.4,NUDT16;RP11-933H2.4
