logFC,AveExpr,t,P.Value,adj.P.Val,B,probeID,CpG_chrm,gene,gene_HGNC
-32.636304634108605,3.803821409742508,-6.8938919562507754,1.0823576279815968e-8,0.008501153715396404,-4.556353415748243,43438,NA,NA,NA
-27.132314642549677,3.7345587804474443,-6.725071013469516,1.963634660007323e-8,0.008501153715396404,-4.557360007462111,366818,NA,NA,NA
25.852031343657558,-5.175425001491841,6.479529561799283,4.6707513036265084e-8,0.013480706843355818,-4.55886695388765,511534,NA,NA,NA
